INSERT INTO eg_designation (id, name, description, chartofaccounts, version, createddate, lastmodifieddate, createdby, lastmodifiedby,tenantid) VALUES (2, 'Section managar', 'Section managar', NULL, 0, '2015-01-01 00:00:00', '2015-01-01 00:00:00', 1, 1,'default');
INSERT INTO eg_designation (id, name, description, chartofaccounts, version, createddate, lastmodifieddate, createdby, lastmodifiedby,tenantid) VALUES (3, 'Zonal medical officer', 'Zonal medical officer', NULL, 0, '2015-01-01 00:00:00', '2015-01-01 00:00:00', 1, 1,'default');
INSERT INTO eg_designation (id, name, description, chartofaccounts, version, createddate, lastmodifieddate, createdby, lastmodifiedby,tenantid) VALUES (4, 'Medical store officer', 'Medical store officer', NULL, 0, '2015-01-01 00:00:00', '2015-01-01 00:00:00', 1, 1,'default');
INSERT INTO eg_designation (id, name, description, chartofaccounts, version, createddate, lastmodifieddate, createdby, lastmodifiedby,tenantid) VALUES (5, 'Sanitary worker', 'Sanitary worker', NULL, 0, '2015-01-01 00:00:00', '2015-01-01 00:00:00', 1, 1,'default');
INSERT INTO eg_designation (id, name, description, chartofaccounts, version, createddate, lastmodifieddate, createdby, lastmodifiedby,tenantid) VALUES (6, 'Health inspector grade ii', 'Health inspector grade ii', NULL, 0, '2015-01-01 00:00:00', '2015-01-01 00:00:00', 1, 1,'default');
INSERT INTO eg_designation (id, name, description, chartofaccounts, version, createddate, lastmodifieddate, createdby, lastmodifiedby,tenantid) VALUES (7, 'Veternary assistant surgeon', 'Veternary assistant surgeon', NULL, 0, '2015-01-01 00:00:00', '2015-01-01 00:00:00', 1, 1,'default');
INSERT INTO eg_designation (id, name, description, chartofaccounts, version, createddate, lastmodifieddate, createdby, lastmodifiedby,tenantid) VALUES (8, 'Plumber', 'Plumber', NULL, 0, '2015-01-01 00:00:00', '2015-01-01 00:00:00', 1, 1,'default');
INSERT INTO eg_designation (id, name, description, chartofaccounts, version, createddate, lastmodifieddate, createdby, lastmodifiedby,tenantid) VALUES (9, 'Additional revenue officer', 'Additional revenue officer', NULL, 0, '2015-01-01 00:00:00', '2015-01-01 00:00:00', 1, 1,'default');
INSERT INTO eg_designation (id, name, description, chartofaccounts, version, createddate, lastmodifieddate, createdby, lastmodifiedby,tenantid) VALUES (10, 'License inspector', 'License inspector', NULL, 0, '2015-01-01 00:00:00', '2015-01-01 00:00:00', 1, 1,'default');
INSERT INTO eg_designation (id, name, description, chartofaccounts, version, createddate, lastmodifieddate, createdby, lastmodifiedby,tenantid) VALUES (11, 'Assistant law officer', 'Assistant law officer', NULL, 0, '2015-01-01 00:00:00', '2015-01-01 00:00:00', 1, 1,'default');
INSERT INTO eg_designation (id, name, description, chartofaccounts, version, createddate, lastmodifieddate, createdby, lastmodifiedby,tenantid) VALUES (12, 'Assistant divisional electrical engineer', 'Assistant divisional electrical engineer', NULL, 0, '2015-01-01 00:00:00', '2015-01-01 00:00:00', 1, 1,'default');
INSERT INTO eg_designation (id, name, description, chartofaccounts, version, createddate, lastmodifieddate, createdby, lastmodifiedby,tenantid) VALUES (13, 'Additional health officer', 'Additional health officer', NULL, 0, '2015-01-01 00:00:00', '2015-01-01 00:00:00', 1, 1,'default');
INSERT INTO eg_designation (id, name, description, chartofaccounts, version, createddate, lastmodifieddate, createdby, lastmodifiedby,tenantid) VALUES (14, 'Superintending  engineer', 'Superintending  engineer', NULL, 0, '2015-01-01 00:00:00', '2015-01-01 00:00:00', 1, 1,'default');
INSERT INTO eg_designation (id, name, description, chartofaccounts, version, createddate, lastmodifieddate, createdby, lastmodifiedby,tenantid) VALUES (15, 'Assistan executive engineer', 'Assistan executive engineer', NULL, 0, '2015-01-01 00:00:00', '2015-01-01 00:00:00', 1, 1,'default');
INSERT INTO eg_designation (id, name, description, chartofaccounts, version, createddate, lastmodifieddate, createdby, lastmodifiedby,tenantid) VALUES (17, 'Gardener', 'Gardener', NULL, 0, '2015-01-01 00:00:00', '2015-01-01 00:00:00', 1, 1,'default');
INSERT INTO eg_designation (id, name, description, chartofaccounts, version, createddate, lastmodifieddate, createdby, lastmodifiedby,tenantid) VALUES (18, 'Zonal health officer', 'Zonal health officer', NULL, 0, '2015-01-01 00:00:00', '2015-01-01 00:00:00', 1, 1,'default');
INSERT INTO eg_designation (id, name, description, chartofaccounts, version, createddate, lastmodifieddate, createdby, lastmodifiedby,tenantid) VALUES (19, 'Sweeper', 'Sweeper', NULL, 0, '2015-01-01 00:00:00', '2015-01-01 00:00:00', 1, 1,'default');
INSERT INTO eg_designation (id, name, description, chartofaccounts, version, createddate, lastmodifieddate, createdby, lastmodifiedby,tenantid) VALUES (20, 'Assistant accounts officer', 'Assistant accounts officer', NULL, 0, '2015-01-01 00:00:00', '2015-01-01 00:00:00', 1, 1,'default');
INSERT INTO eg_designation (id, name, description, chartofaccounts, version, createddate, lastmodifieddate, createdby, lastmodifiedby,tenantid) VALUES (21, 'Joint commissioner', 'Joint commissioner', NULL, 0, '2015-01-01 00:00:00', '2015-01-01 00:00:00', 1, 1,'default');
INSERT INTO eg_designation (id, name, description, chartofaccounts, version, createddate, lastmodifieddate, createdby, lastmodifiedby,tenantid) VALUES (22, 'Li', 'Li', NULL, 0, '2015-01-01 00:00:00', '2015-01-01 00:00:00', 1, 1,'default');
INSERT INTO eg_designation (id, name, description, chartofaccounts, version, createddate, lastmodifieddate, createdby, lastmodifiedby,tenantid) VALUES (23, 'Accounts officer', 'Accounts officer', NULL, 0, '2015-01-01 00:00:00', '2015-01-01 00:00:00', 1, 1,'default');
INSERT INTO eg_designation (id, name, description, chartofaccounts, version, createddate, lastmodifieddate, createdby, lastmodifiedby,tenantid) VALUES (24, 'Assessor', 'Assessor', NULL, 0, '2015-01-01 00:00:00', '2015-01-01 00:00:00', 1, 1,'default');
INSERT INTO eg_designation (id, name, description, chartofaccounts, version, createddate, lastmodifieddate, createdby, lastmodifiedby,tenantid) VALUES (25, 'Assistant', 'Assistant', NULL, 0, '2015-01-01 00:00:00', '2015-01-01 00:00:00', 1, 1,'default');
INSERT INTO eg_designation (id, name, description, chartofaccounts, version, createddate, lastmodifieddate, createdby, lastmodifiedby,tenantid) VALUES (26, 'Assistant cashier', 'Assistant cashier', NULL, 0, '2015-01-01 00:00:00', '2015-01-01 00:00:00', 1, 1,'default');
INSERT INTO eg_designation (id, name, description, chartofaccounts, version, createddate, lastmodifieddate, createdby, lastmodifiedby,tenantid) VALUES (27, 'Assistant commissioner', 'Assistant commissioner', NULL, 0, '2015-01-01 00:00:00', '2015-01-01 00:00:00', 1, 1,'default');
INSERT INTO eg_designation (id, name, description, chartofaccounts, version, createddate, lastmodifieddate, createdby, lastmodifiedby,tenantid) VALUES (28, 'Assistant divisional engineer', 'Assistant divisional engineer', NULL, 0, '2015-01-01 00:00:00', '2015-01-01 00:00:00', 1, 1,'default');
INSERT INTO eg_designation (id, name, description, chartofaccounts, version, createddate, lastmodifieddate, createdby, lastmodifiedby,tenantid) VALUES (29, 'Assistant engineer', 'Assistant engineer', NULL, 0, '2015-01-01 00:00:00', '2015-01-01 00:00:00', 1, 1,'default');
INSERT INTO eg_designation (id, name, description, chartofaccounts, version, createddate, lastmodifieddate, createdby, lastmodifiedby,tenantid) VALUES (30, 'Assistant executive engineer', 'Assistant executive engineer', NULL, 0, '2015-01-01 00:00:00', '2015-01-01 00:00:00', 1, 1,'default');
INSERT INTO eg_designation (id, name, description, chartofaccounts, version, createddate, lastmodifieddate, createdby, lastmodifiedby,tenantid) VALUES (31, 'Assistant health officer', 'Assistant health officer', NULL, 0, '2015-01-01 00:00:00', '2015-01-01 00:00:00', 1, 1,'default');
INSERT INTO eg_designation (id, name, description, chartofaccounts, version, createddate, lastmodifieddate, createdby, lastmodifiedby,tenantid) VALUES (32, 'Supervisor', 'Supervisor', NULL, 0, '2015-01-01 00:00:00', '2015-01-01 00:00:00', 1, 1,'default');
INSERT INTO eg_designation (id, name, description, chartofaccounts, version, createddate, lastmodifieddate, createdby, lastmodifiedby,tenantid) VALUES (33, 'Chief accounts officer', 'Chief accounts officer', NULL, 0, '2015-01-01 00:00:00', '2015-01-01 00:00:00', 1, 1,'default');
INSERT INTO eg_designation (id, name, description, chartofaccounts, version, createddate, lastmodifieddate, createdby, lastmodifiedby,tenantid) VALUES (34, 'Chief engineer', 'Chief engineer', NULL, 0, '2015-01-01 00:00:00', '2015-01-01 00:00:00', 1, 1,'default');
INSERT INTO eg_designation (id, name, description, chartofaccounts, version, createddate, lastmodifieddate, createdby, lastmodifiedby,tenantid) VALUES (35, 'City engineer', 'City engineer', NULL, 0, '2015-01-01 00:00:00', '2015-01-01 00:00:00', 1, 1,'default');
INSERT INTO eg_designation (id, name, description, chartofaccounts, version, createddate, lastmodifieddate, createdby, lastmodifiedby,tenantid) VALUES (36, 'Computer operator', 'Computer operator', NULL, 0, '2015-01-01 00:00:00', '2015-01-01 00:00:00', 1, 1,'default');
INSERT INTO eg_designation (id, name, description, chartofaccounts, version, createddate, lastmodifieddate, createdby, lastmodifiedby,tenantid) VALUES (37, 'Conservancy inspector', 'Conservancy inspector', NULL, 0, '2015-01-01 00:00:00', '2015-01-01 00:00:00', 1, 1,'default');
INSERT INTO eg_designation (id, name, description, chartofaccounts, version, createddate, lastmodifieddate, createdby, lastmodifiedby,tenantid) VALUES (38, 'Conservancy supervisor', 'Conservancy supervisor', NULL, 0, '2015-01-01 00:00:00', '2015-01-01 00:00:00', 1, 1,'default');
INSERT INTO eg_designation (id, name, description, chartofaccounts, version, createddate, lastmodifieddate, createdby, lastmodifiedby,tenantid) VALUES (39, 'Divisional electrical engineer', 'Divisional electrical engineer', NULL, 0, '2015-01-01 00:00:00', '2015-01-01 00:00:00', 1, 1,'default');
INSERT INTO eg_designation (id, name, description, chartofaccounts, version, createddate, lastmodifieddate, createdby, lastmodifiedby,tenantid) VALUES (40, 'Driver', 'Driver', NULL, 0, '2015-01-01 00:00:00', '2015-01-01 00:00:00', 1, 1,'default');
INSERT INTO eg_designation (id, name, description, chartofaccounts, version, createddate, lastmodifieddate, createdby, lastmodifiedby,tenantid) VALUES (41, 'Electrician', 'Electrician', NULL, 0, '2015-01-01 00:00:00', '2015-01-01 00:00:00', 1, 1,'default');
INSERT INTO eg_designation (id, name, description, chartofaccounts, version, createddate, lastmodifieddate, createdby, lastmodifiedby,tenantid) VALUES (42, 'Executive engineer', 'Executive engineer', NULL, 0, '2015-01-01 00:00:00', '2015-01-01 00:00:00', 1, 1,'default');
INSERT INTO eg_designation (id, name, description, chartofaccounts, version, createddate, lastmodifieddate, createdby, lastmodifiedby,tenantid) VALUES (43, 'Financial adviser', 'Financial adviser', NULL, 0, '2015-01-01 00:00:00', '2015-01-01 00:00:00', 1, 1,'default');
INSERT INTO eg_designation (id, name, description, chartofaccounts, version, createddate, lastmodifieddate, createdby, lastmodifiedby,tenantid) VALUES (44, 'Head cashier', 'Head cashier', NULL, 0, '2015-01-01 00:00:00', '2015-01-01 00:00:00', 1, 1,'default');
INSERT INTO eg_designation (id, name, description, chartofaccounts, version, createddate, lastmodifieddate, createdby, lastmodifiedby,tenantid) VALUES (45, 'Health officer', 'Health officer', NULL, 0, '2015-01-01 00:00:00', '2015-01-01 00:00:00', 1, 1,'default');
INSERT INTO eg_designation (id, name, description, chartofaccounts, version, createddate, lastmodifieddate, createdby, lastmodifiedby,tenantid) VALUES (46, 'Junior engineer', 'Junior engineer', NULL, 0, '2015-01-01 00:00:00', '2015-01-01 00:00:00', 1, 1,'default');
INSERT INTO eg_designation (id, name, description, chartofaccounts, version, createddate, lastmodifieddate, createdby, lastmodifiedby,tenantid) VALUES (47, 'Law officer', 'Law officer', NULL, 0, '2015-01-01 00:00:00', '2015-01-01 00:00:00', 1, 1,'default');
INSERT INTO eg_designation (id, name, description, chartofaccounts, version, createddate, lastmodifieddate, createdby, lastmodifiedby,tenantid) VALUES (48, 'Licence inspector', 'Licence inspector', NULL, 0, '2015-01-01 00:00:00', '2015-01-01 00:00:00', 1, 1,'default');
INSERT INTO eg_designation (id, name, description, chartofaccounts, version, createddate, lastmodifieddate, createdby, lastmodifiedby,tenantid) VALUES (49, 'Operator', 'Operator', NULL, 0, '2015-01-01 00:00:00', '2015-01-01 00:00:00', 1, 1,'default');
INSERT INTO eg_designation (id, name, description, chartofaccounts, version, createddate, lastmodifieddate, createdby, lastmodifiedby,tenantid) VALUES (50, 'Public relation officer', 'Public relation officer', NULL, 0, '2015-01-01 00:00:00', '2015-01-01 00:00:00', 1, 1,'default');
INSERT INTO eg_designation (id, name, description, chartofaccounts, version, createddate, lastmodifieddate, createdby, lastmodifiedby,tenantid) VALUES (51, 'Sanitary inspector', 'Sanitary inspector', NULL, 0, '2015-01-01 00:00:00', '2015-01-01 00:00:00', 1, 1,'default');
INSERT INTO eg_designation (id, name, description, chartofaccounts, version, createddate, lastmodifieddate, createdby, lastmodifiedby,tenantid) VALUES (52, 'Sanitary officer', 'Sanitary officer', NULL, 0, '2015-01-01 00:00:00', '2015-01-01 00:00:00', 1, 1,'default');
INSERT INTO eg_designation (id, name, description, chartofaccounts, version, createddate, lastmodifieddate, createdby, lastmodifiedby,tenantid) VALUES (53, 'Section manager', 'Section manager', NULL, 0, '2015-01-01 00:00:00', '2015-01-01 00:00:00', 1, 1,'default');
INSERT INTO eg_designation (id, name, description, chartofaccounts, version, createddate, lastmodifieddate, createdby, lastmodifiedby,tenantid) VALUES (54, 'Statistical assistant', 'Statistical assistant', NULL, 0, '2015-01-01 00:00:00', '2015-01-01 00:00:00', 1, 1,'default');
INSERT INTO eg_designation (id, name, description, chartofaccounts, version, createddate, lastmodifieddate, createdby, lastmodifiedby,tenantid) VALUES (55, 'Store keeper', 'Store keeper', NULL, 0, '2015-01-01 00:00:00', '2015-01-01 00:00:00', 1, 1,'default');
INSERT INTO eg_designation (id, name, description, chartofaccounts, version, createddate, lastmodifieddate, createdby, lastmodifiedby,tenantid) VALUES (56, 'Superintending engineer', 'Superintending engineer', NULL, 0, '2015-01-01 00:00:00', '2015-01-01 00:00:00', 1, 1,'default');
INSERT INTO eg_designation (id, name, description, chartofaccounts, version, createddate, lastmodifieddate, createdby, lastmodifiedby,tenantid) VALUES (57, 'Tax collector', 'Tax collector', NULL, 0, '2015-01-01 00:00:00', '2015-01-01 00:00:00', 1, 1,'default');
INSERT INTO eg_designation (id, name, description, chartofaccounts, version, createddate, lastmodifieddate, createdby, lastmodifiedby,tenantid) VALUES (58, 'Commissioner', 'Commissioner', NULL, 0, '2015-01-01 00:00:00', '2015-01-01 00:00:00', 1, 1,'default');
INSERT INTO eg_designation (id, name, description, chartofaccounts, version, createddate, lastmodifieddate, createdby, lastmodifiedby,tenantid) VALUES (59, 'Zonal officer', 'Zonal officer', NULL, 0, '2015-01-01 00:00:00', '2015-01-01 00:00:00', 1, 1,'default');
INSERT INTO eg_designation (id, name, description, chartofaccounts, version, createddate, lastmodifieddate, createdby, lastmodifiedby,tenantid) VALUES (60, 'Education officer', 'Education officer', NULL, 0, '2015-01-01 00:00:00', '2015-01-01 00:00:00', 1, 1,'default');
INSERT INTO eg_designation (id, name, description, chartofaccounts, version, createddate, lastmodifieddate, createdby, lastmodifiedby,tenantid) VALUES (61, 'Financial advisor', 'Financial advisor', NULL, 0, '2015-01-01 00:00:00', '2015-01-01 00:00:00', 1, 1,'default');
INSERT INTO eg_designation (id, name, description, chartofaccounts, version, createddate, lastmodifieddate, createdby, lastmodifiedby,tenantid) VALUES (62, 'Deputy commissioner', 'Deputy commissioner', NULL, 0, '2015-01-01 00:00:00', '2015-01-01 00:00:00', 1, 1,'default');
INSERT INTO eg_designation (id, name, description, chartofaccounts, version, createddate, lastmodifieddate, createdby, lastmodifiedby,tenantid) VALUES (63, 'Assistant revenue officer', 'Assistant revenue officer', NULL, 0, '2015-01-01 00:00:00', '2015-01-01 00:00:00', 1, 1,'default');
INSERT INTO eg_designation (id, name, description, chartofaccounts, version, createddate, lastmodifieddate, createdby, lastmodifiedby,tenantid) VALUES (64, 'Superintendent', 'Superintendent', NULL, 0, '2015-01-01 00:00:00', '2015-01-01 00:00:00', 1, 1,'default');
INSERT INTO eg_designation (id, name, description, chartofaccounts, version, createddate, lastmodifieddate, createdby, lastmodifiedby,tenantid) VALUES (65, 'Vigilance inspector', 'Vigilance inspector', NULL, 0, '2015-01-01 00:00:00', '2015-01-01 00:00:00', 1, 1,'default');
INSERT INTO eg_designation (id, name, description, chartofaccounts, version, createddate, lastmodifieddate, createdby, lastmodifiedby,tenantid) VALUES (66, 'Superintendent of park', 'Superintendent of park', NULL, 0, '2015-01-01 00:00:00', '2015-01-01 00:00:00', 1, 1,'default');
INSERT INTO eg_designation (id, name, description, chartofaccounts, version, createddate, lastmodifieddate, createdby, lastmodifiedby,tenantid) VALUES (67, 'Vigilance officer', 'Vigilance officer', NULL, 0, '2015-01-01 00:00:00', '2015-01-01 00:00:00', 1, 1,'default');
INSERT INTO eg_designation (id, name, description, chartofaccounts, version, createddate, lastmodifieddate, createdby, lastmodifiedby,tenantid) VALUES (68, 'Data entry operator', 'Data entry operator', NULL, 0, '2015-01-01 00:00:00', '2015-01-01 00:00:00', 1, 1,'default');
INSERT INTO eg_designation (id, name, description, chartofaccounts, version, createddate, lastmodifieddate, createdby, lastmodifiedby,tenantid) VALUES (69, 'Revenue officer', 'Revenue officer', NULL, 0, '2015-08-28 10:43:54.366149', '2015-08-28 10:43:54.366149', 1, 1,'default');
INSERT INTO eg_designation (id, name, description, chartofaccounts, version, createddate, lastmodifieddate, createdby, lastmodifiedby,tenantid) VALUES (70, 'Bill Collector', 'Bill Collector', NULL, 0, '2015-08-28 10:45:27.720835', '2015-08-28 10:45:27.720835', 1, 1,'default');
INSERT INTO eg_designation (id, name, description, chartofaccounts, version, createddate, lastmodifieddate, createdby, lastmodifiedby,tenantid) VALUES (71, 'Revenue Inspector', 'Revenue Inspector', NULL, 0, '2015-08-28 10:45:30.245116', '2015-08-28 10:45:30.245116', 1, 1,'default');
INSERT INTO eg_designation (id, name, description, chartofaccounts, version, createddate, lastmodifieddate, createdby, lastmodifiedby,tenantid) VALUES (72, 'Revenue Clerk', 'Revenue Clerk', NULL, 0, '2015-08-28 10:45:30.245116', '2015-08-28 10:45:30.245116', 1, 1,'default');
---------------------END-----------------

---------START----------
INSERT INTO eg_department (id, name, createddate, code, createdby, lastmodifiedby, lastmodifieddate, version,tenantid) VALUES (1, 'Accounts', '2010-01-01 00:00:00', 'A', 1, 1, '2015-01-01 00:00:00', 0,'default');
INSERT INTO eg_department (id, name, createddate, code, createdby, lastmodifiedby, lastmodifieddate, version,tenantid) VALUES (2, 'Buildings', '2010-01-01 00:00:00', 'B', 1, 1, '2015-01-01 00:00:00', 0,'default');
INSERT INTO eg_department (id, name, createddate, code, createdby, lastmodifiedby, lastmodifieddate, version,tenantid) VALUES (3, 'Roads', '2010-01-01 00:00:00', 'BR', 1, 1, '2015-01-01 00:00:00', 0,'default');
INSERT INTO eg_department (id, name, createddate, code, createdby, lastmodifiedby, lastmodifieddate, version,tenantid) VALUES (4, 'Storm Water Drains', '2010-01-01 00:00:00', 'D', 1, 1, '2015-01-01 00:00:00', 0,'default');
INSERT INTO eg_department (id, name, createddate, code, createdby, lastmodifiedby, lastmodifieddate, version,tenantid) VALUES (5, 'Education', '2010-01-01 00:00:00', 'E', 1, 1, '2015-01-01 00:00:00', 0,'default');
INSERT INTO eg_department (id, name, createddate, code, createdby, lastmodifiedby, lastmodifieddate, version,tenantid) VALUES (6, 'Zone 1', '2010-01-01 00:00:00', 'FA', 1, 1, '2015-01-01 00:00:00', 0,'default');
INSERT INTO eg_department (id, name, createddate, code, createdby, lastmodifiedby, lastmodifieddate, version,tenantid) VALUES (7, 'Zone 2', '2010-01-01 00:00:00', 'FB', 1, 1, '2015-01-01 00:00:00', 0,'default');
INSERT INTO eg_department (id, name, createddate, code, createdby, lastmodifiedby, lastmodifieddate, version,tenantid) VALUES (8, 'Zone 3', '2010-01-01 00:00:00', 'FC', 1, 1, '2015-01-01 00:00:00', 0,'default');
INSERT INTO eg_department (id, name, createddate, code, createdby, lastmodifiedby, lastmodifieddate, version,tenantid) VALUES (9, 'Zone 4', '2010-01-01 00:00:00', 'FD', 1, 1, '2015-01-01 00:00:00', 0,'default');
INSERT INTO eg_department (id, name, createddate, code, createdby, lastmodifiedby, lastmodifieddate, version,tenantid) VALUES (10, 'Zone 5', '2010-01-01 00:00:00', 'FE', 1, 1, '2015-01-01 00:00:00', 0,'default');
INSERT INTO eg_department (id, name, createddate, code, createdby, lastmodifiedby, lastmodifieddate, version,tenantid) VALUES (11, 'Zone 6', '2010-01-01 00:00:00', 'FF', 1, 1, '2015-01-01 00:00:00', 0,'default');
INSERT INTO eg_department (id, name, createddate, code, createdby, lastmodifiedby, lastmodifieddate, version,tenantid) VALUES (12, 'Zone 7', '2010-01-01 00:00:00', 'FG', 1, 1, '2015-01-01 00:00:00', 0,'default');
INSERT INTO eg_department (id, name, createddate, code, createdby, lastmodifiedby, lastmodifieddate, version,tenantid) VALUES (13, 'Zone 8', '2010-01-01 00:00:00', 'FH', 1, 1, '2015-01-01 00:00:00', 0,'default');
INSERT INTO eg_department (id, name, createddate, code, createdby, lastmodifiedby, lastmodifieddate, version,tenantid) VALUES (14, 'Zone 9', '2010-01-01 00:00:00', 'FJ', 1, 1, '2015-01-01 00:00:00', 0,'default');
INSERT INTO eg_department (id, name, createddate, code, createdby, lastmodifiedby, lastmodifieddate, version,tenantid) VALUES (15, 'Zone 10', '2010-01-01 00:00:00', 'FK', 1, 1, '2015-01-01 00:00:00', 0,'default');
INSERT INTO eg_department (id, name, createddate, code, createdby, lastmodifiedby, lastmodifieddate, version,tenantid) VALUES (16, 'General', '2010-01-01 00:00:00', 'G', 1, 1, '2015-01-01 00:00:00', 0,'default');
INSERT INTO eg_department (id, name, createddate, code, createdby, lastmodifiedby, lastmodifieddate, version,tenantid) VALUES (17, 'Family Welfare', '2010-01-01 00:00:00', 'HD', 1, 1, '2015-01-01 00:00:00', 0,'default');
INSERT INTO eg_department (id, name, createddate, code, createdby, lastmodifiedby, lastmodifieddate, version,tenantid) VALUES (18, 'Health', '2010-01-01 00:00:00', 'H', 1, 1, '2015-01-01 00:00:00', 0,'default');
INSERT INTO eg_department (id, name, createddate, code, createdby, lastmodifiedby, lastmodifieddate, version,tenantid) VALUES (19, 'Bridges', '2010-01-01 00:00:00', 'J', 1, 1, '2015-01-01 00:00:00', 0,'default');
INSERT INTO eg_department (id, name, createddate, code, createdby, lastmodifiedby, lastmodifieddate, version,tenantid) VALUES (20, 'Electrical', '2010-01-01 00:00:00', 'L', 1, 1, '2015-01-01 00:00:00', 0,'default');
INSERT INTO eg_department (id, name, createddate, code, createdby, lastmodifiedby, lastmodifieddate, version,tenantid) VALUES (21, 'Mechanical', '2010-01-01 00:00:00', 'M', 1, 1, '2015-01-01 00:00:00', 0,'default');
INSERT INTO eg_department (id, name, createddate, code, createdby, lastmodifiedby, lastmodifieddate, version,tenantid) VALUES (22, 'Parks and Playfields', '2010-01-01 00:00:00', 'P', 1, 1, '2015-01-01 00:00:00', 0,'default');
INSERT INTO eg_department (id, name, createddate, code, createdby, lastmodifiedby, lastmodifieddate, version,tenantid) VALUES (23, 'Solid Waste Management', '2010-01-01 00:00:00', 'Q', 1, 1, '2015-01-01 00:00:00', 0,'default');
INSERT INTO eg_department (id, name, createddate, code, createdby, lastmodifiedby, lastmodifieddate, version,tenantid) VALUES (24, 'Revenue', '2010-01-01 00:00:00', 'R', 1, 1, '2015-01-01 00:00:00', 0,'default');
INSERT INTO eg_department (id, name, createddate, code, createdby, lastmodifiedby, lastmodifieddate, version,tenantid) VALUES (25, 'Town Planning', '2010-01-01 00:00:00', 'TP', 1, 1, '2015-01-01 00:00:00', 0,'default');
INSERT INTO eg_department (id, name, createddate, code, createdby, lastmodifiedby, lastmodifieddate, version,tenantid) VALUES (26, 'Land and Estate', '2010-01-01 00:00:00', 'V', 1, 1, '2015-01-01 00:00:00', 0,'default');
INSERT INTO eg_department (id, name, createddate, code, createdby, lastmodifiedby, lastmodifieddate, version,tenantid) VALUES (27, 'Works', '2010-01-01 00:00:00', 'W', 1, 1, '2015-01-01 00:00:00', 0,'default');
INSERT INTO eg_department (id, name, createddate, code, createdby, lastmodifiedby, lastmodifieddate, version,tenantid) VALUES (28, 'Legal Cell', '2010-01-01 00:00:00', 'Y', 1, 1, '2015-01-01 00:00:00', 0,'default');
---------------------END-----------------


---------START----------
INSERT INTO egeis_deptdesig (id, designation, department, outsourcedposts, sanctionedposts, version, createddate, lastmodifieddate, createdby, lastmodifiedby,tenantid) VALUES (1, 46, 20, 0, 1, 0, '2015-01-01 00:00:00', '2015-01-01 00:00:00', 1, 1,'default');
INSERT INTO egeis_deptdesig (id, designation, department, outsourcedposts, sanctionedposts, version, createddate, lastmodifieddate, createdby, lastmodifiedby,tenantid) VALUES (2, 29, 20, 0, 1, 0, '2015-08-28 00:00:00', '2015-08-28 00:00:00', 1, 1,'default');
INSERT INTO egeis_deptdesig (id, designation, department, outsourcedposts, sanctionedposts, version, createddate, lastmodifieddate, createdby, lastmodifiedby,tenantid) VALUES (3, 13, 18, 0, 1, 0, '2015-08-28 00:00:00', '2015-08-28 00:00:00', 1, 1,'default');
INSERT INTO egeis_deptdesig (id, designation, department, outsourcedposts, sanctionedposts, version, createddate, lastmodifieddate, createdby, lastmodifiedby,tenantid) VALUES (4, 45, 18, 0, 1, 0, '2015-08-28 00:00:00', '2015-08-28 00:00:00', 1, 1,'default');
INSERT INTO egeis_deptdesig (id, designation, department, outsourcedposts, sanctionedposts, version, createddate, lastmodifieddate, createdby, lastmodifiedby,tenantid) VALUES (5, 58, 16, 0, 1, 0, '2015-08-28 00:00:00', '2015-08-28 00:00:00', 1, 1,'default');
INSERT INTO egeis_deptdesig (id, designation, department, outsourcedposts, sanctionedposts, version, createddate, lastmodifieddate, createdby, lastmodifiedby,tenantid) VALUES (7, 25, 24, 0, 2, 0, '2015-08-28 10:43:54.366149', '2015-08-28 10:43:54.366149', 1, 1,'default');
INSERT INTO egeis_deptdesig (id, designation, department, outsourcedposts, sanctionedposts, version, createddate, lastmodifieddate, createdby, lastmodifiedby,tenantid) VALUES (8, 69, 24, 0, 2, 0, '2015-08-28 10:43:54.366149', '2015-08-28 10:43:54.366149', 1, 1,'default');
INSERT INTO egeis_deptdesig (id, designation, department, outsourcedposts, sanctionedposts, version, createddate, lastmodifieddate, createdby, lastmodifiedby,tenantid) VALUES (9, 58, 24, 0, 2, 0, '2015-08-28 10:43:54.366149', '2015-08-28 10:43:54.366149', 1, 1,'default');
INSERT INTO egeis_deptdesig (id, designation, department, outsourcedposts, sanctionedposts, version, createddate, lastmodifieddate, createdby, lastmodifiedby,tenantid) VALUES (10, 49, 24, 0, 2, 0, '2015-08-28 10:45:27.820844', '2015-08-28 10:45:27.820844', 1, 1,'default');
INSERT INTO egeis_deptdesig (id, designation, department, outsourcedposts, sanctionedposts, version, createddate, lastmodifieddate, createdby, lastmodifiedby,tenantid) VALUES (11, 70, 24, 0, 2, 0, '2015-08-28 10:45:27.820844', '2015-08-28 10:45:27.820844', 1, 1,'default');
INSERT INTO egeis_deptdesig (id, designation, department, outsourcedposts, sanctionedposts, version, createddate, lastmodifieddate, createdby, lastmodifiedby,tenantid) VALUES (12, 71, 24, 0, 2, 0, '2015-08-28 10:45:30.245116', '2015-08-28 10:45:30.245116', 1, 1,'default');
INSERT INTO egeis_deptdesig (id, designation, department, outsourcedposts, sanctionedposts, version, createddate, lastmodifieddate, createdby, lastmodifiedby,tenantid) VALUES (13, 72, 24, 0, 2, 0, '2015-08-28 10:45:30.245116', '2015-08-28 10:45:30.245116', 1, 1,'default');
---------------------END-----------------


INSERT INTO egeis_employee (id, code, dateofappointment, dateofretirement, employeestatus, employeetype, version,tenantId) VALUES ((select id from public.eg_user where username ='narasappa' and tenantId='default'), 'E005', NULL, NULL, 'EMPLOYED', 3, 0,'default');

INSERT INTO eg_position (name, id, deptdesig, createddate, lastmodifieddate, createdby, lastmodifiedby, ispostoutsourced, version,tenantId) VALUES ('L-JUNIOR ENGINEER-1', nextval('SEQ_EG_POSITION'), 1, '2015-01-01 00:00:00', '2015-01-01 00:00:00', 1, 1, false, 0,'default');

INSERT INTO egeis_assignment (id, fund, function, designation, functionary, department, "position", grade, lastmodifiedby, lastmodifieddate, createddate, createdby, fromdate, todate, version, employee, isprimary,tenantId) VALUES (nextval('SEQ_EGEIS_ASSIGNMENT'), 1, NULL, 29, NULL, 20, (select id from eg_position where name='L-JUNIOR ENGINEER-1'and tenantId='default'), 1, 1, '2015-01-01 00:00:00', '2015-01-01 00:00:00', 1, '2015-04-01', '2020-03-31', 0, (select id from egeis_employee where code='E005' and tenantId='default' ), true,'default');


